created_at,text
2024-12-06 18:48:54+00:00,Leave nothing in a corrupt system that robs its people! The new admin is well aware of what is going on and does nothing! You can have meetings and calls before inauguration and act like the sitting President but not do anything about the corruption happening in the stock market?
2024-12-06 18:48:54+00:00,"@crygraph Sell #VeChain 
Buy  #GRT 
#GRC20 
#buythedip 
#HODL1 
#Web3 
#Al 
#ALTSEASON 
#Altcoins 
#investing 
#Bitcoin
#cryptocurrency 
#goldencross"
2024-12-06 18:48:52+00:00,"Making $1,000 from investments 
changes your money mindset.

If you can make $1,000: 

You know you can make $10,000

If you can make $10,000: 

You know you can make $100,000

Long term investing is a great way
to build wealth over time
#bitcoin #FridayVibes #WeekendVibes"
2024-12-06 18:48:52+00:00,"@TRHLofficial Couple of months ago I came across a tweet about @pamelambrandon how she helped investors to earn well in the market and I decided to give a trial with the little I have. I never knew investing in Crypto and stocks will be this profitable, Don't miss out of this opportunity."
2024-12-06 18:48:49+00:00,"Why you should invest long-term. Stop thinking short-term. 

Credit: @ scaramucci
  
#investment #investing #LongTermInvesting #FinancialFreedom #InvestmentStrategies #MoneyMazePodcast #FinanceTips #AnthonyScaramucci #WealthBuilding #SmartInvesting #PersonalFinance https://t.co/7XSOBYBNSt"
2024-12-06 18:48:49+00:00,"@angiehfy @cperruna @Mayhem4Markets Say thanks to Chris! Chris was point this stock out. In the past month Chris was point 3 stocks are playing NICE. $DDOG $MDB and $SHOP
Thanks again Chris!"
2024-12-06 18:48:49+00:00,"@based16z This is serious investing

NFA KEEP ALL YOUR MONEY"
2024-12-06 18:48:48+00:00,"@extaz_io Thanks for your comments,Make sure you join  Iced Telegram. So you dont miss investment and trading ideas on # Bitcoin # Crypto and the # Stock market.and get to learn more of my trading strategies and successful tips 
üëáüëáüëá
https://t.co/zqH1YelTnE"
2024-12-06 18:48:47+00:00,"@the_stratman @Benshooter When the issue is technology and you change it to stocks, you've already lost the debate."
2024-12-06 18:48:47+00:00,"@great_martis Couple of months ago I came across a tweet about @pamelambrandon how she helped investors to earn well in the market and I decided to give a trial with the little I have. I never knew investing in Crypto and stocks will be this profitable, Don't miss out of this opportunity."
2024-12-06 18:48:45+00:00,RT @GovStitt: Oklahoma‚Äôs future is our students‚Äîthat‚Äôs why I have invested more in our education system than any other governor before me.‚Ä¶
2024-12-06 18:48:44+00:00,"@ComfortablySmug Couple of months ago I came across a tweet about @pamelambrandon how she helped investors to earn well in the market and I decided to give a trial with the little I have. I never knew investing in Crypto and stocks will be this profitable, Don't miss out of this opportunity."
2024-12-06 18:48:41+00:00,"@roxmo Honestly I really want to appreciate @Julea_Trades who has brought so much light into my life in a small period of time. I started with investing with a minimum of $5,000 &amp; now I‚Äôve earned up to $50,000 on a monthly basic I can‚Äôt thank you enough @Julea_Trades"
2024-12-06 18:48:40+00:00,"@Cernovich Couple of months ago I came across a tweet about @pamelambrandon how she helped investors to earn well in the market and I decided to give a trial with the little I have. I never knew investing in Crypto and stocks will be this profitable, Don't miss out of this opportunity."
2024-12-06 18:48:34+00:00,"@neontaster Couple of months ago I came across a tweet about @pamelambrandon how she helped investors to earn well in the market and I decided to give a trial with the little I have. I never knew investing in Crypto and stocks will be this profitable, Don't miss out of this opportunity."
2024-12-06 18:48:33+00:00,"‡§Ü‡§ú ‡§ï‡•á ‡§∂‡•á‡§Ø‡§∞ ‡§¨‡§æ‡§ú‡§æ‡§∞ ‡§Æ‡•á‡§Ç ‡§∏‡•á‡§Ç‡§∏‡•á‡§ï‡•ç‡§∏ ‡§î‡§∞ ‡§®‡§ø‡§´‡•ç‡§ü‡•Ä ‡§Æ‡•á‡§Ç ‡§§‡•á‡§ú‡•Ä ‡§Ü‡§à‡•§ ‡§Ö‡§ß‡§ø‡§ï ‡§ú‡§æ‡§®‡§ï‡§æ‡§∞‡•Ä ‡§ï‡•á ‡§≤‡§ø‡§è ‡§™‡§¢‡§º‡•á‡§Ç: 
https://t.co/XmmzqPw6jf
Today's Stock Market saw a rise in Sensex and Nifty. Read more: 
https://t.co/jVccnhgWJx    #StockMarket #StockMarketIndia #sharemarketindia #sharemarket https://t.co/AVj9Dk4Vem"
2024-12-06 18:48:31+00:00,https://t.co/h4qTfbO3xK's Integrated Dietary Program Shows Clinically Significant Improvements in ... - https://t.co/Kzt4PHmAst #GoogleAlerts
2024-12-06 18:48:30+00:00,@Ashton_1nvests I mean consistently investing in it CAN ‚Äútechnically‚Äù
2024-12-06 18:48:26+00:00,@emw_ben @KimuraTempura Speculative stock market with no real world connection! Fuck yeah gambling!
2024-12-06 18:48:26+00:00,"@_groww @groww_cs 
I Want to close My demat account. 

I'm not happy investing in Grow App. And the Grow app needs to be more advanced. I found a lot of system bugs in the Grow app. Due to which our investors have to face many problems while buying mutual funds and stocks."
2024-12-06 18:48:26+00:00,"@AMCbiggums People seems to not understand, that gme &amp; AMC are in a basket. When one goes, so does the other stocks in the basket."
2024-12-06 18:48:25+00:00,"When you make that wrong move    decisions in stocks can be stressful !!!
#GrowYourBusiness #MusicBank https://t.co/dSiFbtNOGI"
2024-12-06 18:48:25+00:00,"RT @chiragdashj: I wish as I age older in my journey of Investing, I continue to play attacking shots on the front foot( means Play high gr‚Ä¶"
2024-12-06 18:48:24+00:00,"@cited @0xSisyphus Honestly I really want to appreciate @Julea_Trades who has brought so much light into my life in a small period of time. I started with investing with a minimum of $5,000 &amp; now I‚Äôve earned up to $50,000 on a monthly basic I can‚Äôt thank you enough @Julea_Trades"
2024-12-06 18:48:24+00:00,"@BobEUnlimited @dampedspring Couple of months ago I came across a tweet about @pamelambrandon how she helped investors to earn well in the market and I decided to give a trial with the little I have. I never knew investing in Crypto and stocks will be this profitable, Don't miss out of this opportunity."
2024-12-06 18:48:22+00:00,"@abbypragia1 Thanks for your comments,Make sure you join  Iced Telegram. So you dont miss investment and trading ideas on # Bitcoin # Crypto and the # Stock market.and get to learn more of my trading strategies and successful tips 
üëáüëáüëá
https://t.co/zqH1YelTnE"
2024-12-06 18:48:21+00:00,@letttsgoooo @QuantumScapeCo The only certainty is that stocks always go down
2024-12-06 18:48:21+00:00,"@vincent13031925 Couple of months ago I came across a tweet about @pamelambrandon how she helped investors to earn well in the market and I decided to give a trial with the little I have. I never knew investing in Crypto and stocks will be this profitable, Don't miss out of this opportunity."
2024-12-06 18:48:20+00:00,"@creatrix_ttv You could replace that with stocks, bonds, cash , most cryptos also. Yes I called you retarded if you think bonds are safe."
2024-12-06 18:48:16+00:00,"@KILLTOPARTY Couple of months ago I came across a tweet about @pamelambrandon how she helped investors to earn well in the market and I decided to give a trial with the little I have. I never knew investing in Crypto and stocks will be this profitable, Don't miss out of this opportunity."
2024-12-06 18:48:15+00:00,"RT @JohannBiermann1: Also, I'm always keen to meet young people who just finished their studies and are interested in the investing/financi‚Ä¶"
2024-12-06 18:48:15+00:00,"Minus some outliers, the only stocks I see rising to 17 trillion in the next decade are NVIDIA, APPL, MSFT, MAYBE GOOGLE. People hyping up these small cap stocks just to make them feel more secure / validated about their purchases are wild. https://t.co/7KJ4M3G7Fk"
2024-12-06 18:48:14+00:00,@ashonzay_7 Zaytoven on the stocks! üòà
2024-12-06 18:48:13+00:00,@menaadel_y @fwTyo Being rich is investing in $LAI üî•üôå
2024-12-06 18:48:13+00:00,"@farzyness Couple of months ago I came across a tweet about @pamelambrandon how she helped investors to earn well in the market and I decided to give a trial with the little I have. I never knew investing in Crypto and stocks will be this profitable, Don't miss out of this opportunity."
2024-12-06 18:48:12+00:00,"RT @WOLF_Financial: Follow these accounts to upgrade your timeline:

Stocks: @StockGuruHQ
ETFs: @ETFAuthority
Investing: @InvestingAuth
Mar‚Ä¶"
2024-12-06 18:48:09+00:00,"Banxico podr√≠a bajar las tasas de inter√©s 50 pb en diciembre, pero‚Ä¶ Donald Trump https://t.co/wxSXmPTjEL"
2024-12-06 18:48:09+00:00,"@Christy4Change Couple of months ago I came across a tweet about @pamelambrandon how she helped investors to earn well in the market and I decided to give a trial with the little I have. I never knew investing in Crypto and stocks will be this profitable, Don't miss out of this opportunity."
2024-12-06 18:48:09+00:00,"@QueChain Thanks for your comments,Make sure you join  Iced Telegram. So you dont miss investment and trading ideas on # Bitcoin # Crypto and the # Stock market.and get to learn more of my trading strategies and successful tips 
üëáüëáüëá
https://t.co/zqH1YelTnE"
2024-12-06 18:48:09+00:00,RT @Deno_w: The reason why this govt is really investing in Affordable housing projects is because they are investors in the program. They‚Ä¶
2024-12-06 18:48:08+00:00,How RBI Monetary Policy Shapes Inflation Trends - a2z Equity Investing https://t.co/siudoU6GAL
2024-12-06 18:48:07+00:00,@BasedMikeLee @DOGE The purpose of these Price supports was to keep the market for certain crops from falling below what it costs to produce them. That was fine when the market was local or regional. But now when we have international markets for food we‚Äôre better off investing in efficient‚Ä¶ https://t.co/yuSLf88Upt
2024-12-06 18:48:07+00:00,"@GuntherEagleman @dbongino Couple of months ago I came across a tweet about @pamelambrandon how she helped investors to earn well in the market and I decided to give a trial with the little I have. I never knew investing in Crypto and stocks will be this profitable, Don't miss out of this opportunity."
2024-12-06 18:48:06+00:00,RT @MKidGOTTI: We‚Äôre working on GOTTI Artificial intelligence course for investing! We just finished up course one! @GottiToken https://t.c‚Ä¶
2024-12-06 18:48:05+00:00,@DSStysInMyUrtha @SageAmenti @RandiWhite You like shit after that. Say thank you. They did you a favor because anyone who treats someone who is being polite like that they're probably a shitty person and not worth investing time into. So you MOVE ON. Don't start blaming your inadequacies on the entire female population
2024-12-06 18:48:05+00:00,"@mondyinvest I responded to your question related to financing. You bring up historical price comparisons between stocks. I am still confused. If you want to go back to 2023, then yes, I initially underestimated the initial effects of the coup. You still haven't answered my response, though."
2024-12-06 18:48:04+00:00,"RT @PelosiTracker_: The show goes on.

According to QuiverQuant, Nancy Pelosi has made ~$10,000,000 in the stock market just this week

Tha‚Ä¶"
2024-12-06 18:48:04+00:00,"Wow after six years Jerome Powell has gutterly passed his last and only marble of usefulness. Get rid of this bozo.

Fed Jerome Powell and Billionaires Jeff Bezos and Ken Griffin Agree: The U.S. Must Grow Its Way Out of Debt https://t.co/4fgpc1G4nr"
2024-12-06 18:48:03+00:00,"@TexasRepublic71 Couple of months ago I came across a tweet about @pamelambrandon how she helped investors to earn well in the market and I decided to give a trial with the little I have. I never knew investing in Crypto and stocks will be this profitable, Don't miss out of this opportunity."
2024-12-06 18:48:01+00:00,@BarletteTim @natbrunell How long have you been in the investing field?
2024-12-06 18:48:01+00:00,"RT @8Sapience: Ramesh Damani is one of the best investors of our generation. 

He sat down with @_soniashenoy for the first episode of 'The‚Ä¶"
2024-12-06 18:48:01+00:00,RT @Barchart: An all-time high 43% of investors think there is a less than 10% chance of a stock market crash occurring in the next 6 month‚Ä¶
2024-12-06 18:47:59+00:00,"RT @bitcoinlfgo: BIG BREAKING üö®

FLORIDA IS CONSIDERING INVESTING BILLIONS OF DOLLARS IN #BITCOIN AND OTHER CRYPTOCURRENCIES NEXT YEAR. üëÄ‚Ä¶"
2024-12-06 18:47:59+00:00,"@icebergy_ Honestly I really want to appreciate @Julea_Trades who has brought so much light into my life in a small period of time. I started with investing with a minimum of $5,000 &amp; now I‚Äôve earned up to $50,000 on a monthly basic I can‚Äôt thank you enough @Julea_Trades"
2024-12-06 18:47:59+00:00,"RT @OgoldApp: ü§ì Find out more about buying, checking prices, and selling your gold and silver on our platform!

üßµ See the answers to the th‚Ä¶"
2024-12-06 18:47:57+00:00,"@stockballa Follow this guy  @saidalavi25  His unique ana thatlysis and insights gave me a new perspective.

I tried to follow him...bought two stocks and made $50,000 in a week.

Thank him very much."
2024-12-06 18:47:57+00:00,"@Breedlove22 Couple of months ago I came across a tweet about @pamelambrandon how she helped investors to earn well in the market and I decided to give a trial with the little I have. I never knew investing in Crypto and stocks will be this profitable, Don't miss out of this opportunity."
2024-12-06 18:47:55+00:00,"By investing in cutting-edge research, Elon Musk ensures his companies remain at the forefront of technological advancement."
2024-12-06 18:47:55+00:00,"RT @TheAbojani: If you bought 1,000 @StanChartKE shares at the beginning of the year for Sh 160.25 and sold them this afternoon at Sh 250.2‚Ä¶"
2024-12-06 18:47:54+00:00,"@JustPhinn Thanks for your comments,Make sure you join  Iced Telegram. So you dont miss investment and trading ideas on # Bitcoin # Crypto and the # Stock market.and get to learn more of my trading strategies and successful tips 
üëáüëáüëá
https://t.co/zqH1YelTnE"
2024-12-06 18:47:53+00:00,"@mericanaf7 @tedcruz @hodgetwins Couple of months ago I came across a tweet about @pamelambrandon how she helped investors to earn well in the market and I decided to give a trial with the little I have. I never knew investing in Crypto and stocks will be this profitable, Don't miss out of this opportunity."
2024-12-06 18:47:50+00:00,"@AlexBMG00 funnily enough, investing thousands of your own savings into something called hawk coin doesn't make me feel sorry for you"
2024-12-06 18:47:49+00:00,RT @emgov: @NikoMcCarty Great initiative! Betting on culture and investing in their youth's future. The $715 million cost over 3 years will‚Ä¶
2024-12-06 18:47:49+00:00,"@rishibagree It's true about most indexes the world. And it's mainly due to availability of cash, most western countries literally printed money in last 1.5 decades. And due to lower interest rate,FDs are not lucrative. Those people invested in stock market"
2024-12-06 18:47:49+00:00,@NearRo2501 Investing in your account rn bro.
2024-12-06 18:47:48+00:00,"RT @InjectiveQuants: $SPX believes in flipping the stock market.

$QUNT believes in replacing it.

Should Benny do a 10 $ETH investment?"
2024-12-06 18:47:48+00:00,"@Jason 1. Find creators with a very engaged audience.
2. Build them an AI tool based on their unique insights
3. Use their audience to get to $10k mrr.
4. Bring on one or two strategic angels to help get it to $50k - $100k mrr.
5. Get acquired within two years. 

Startup investing needs‚Ä¶ https://t.co/5f4n2xWa5r"
2024-12-06 18:47:47+00:00,@briantylercohen The thing is they all earned their status working hard and investing. So I have not problem with billionaires I just wish I could be one.
2024-12-06 18:47:46+00:00,"RT @Yesi_Rwanda: We're proud to join the #ICPD30 Youth-led Dialogue, marking three decades of advancing rights, health, and gender equality‚Ä¶"
2024-12-06 18:47:46+00:00,"RT @kadvani: $RWA is the foundation of tomorrow‚Äôs market.

Real assets wrapped in digital technology.

This isn‚Äôt just investing.

It‚Äôs bel‚Ä¶"
2024-12-06 18:47:46+00:00,@pigways @BelindaJones68 Maybe thats why they are investing in renewables.
2024-12-06 18:47:44+00:00,"RT @swilkinsonbc: Palestine Action blood-red paint-target 10 offices of Allianz, the world‚Äôs largest insurance firm, investing ¬£1000s in is‚Ä¶"
2024-12-06 18:47:43+00:00,"Huge returns since 1991 for these stocks and the $SPX. 

$APPL $UNH $AZO $MSFT https://t.co/K3TT7qb6gr"
2024-12-06 18:47:42+00:00,"@RMConservative Couple of months ago I came across a tweet about @pamelambrandon how she helped investors to earn well in the market and I decided to give a trial with the little I have. I never knew investing in Crypto and stocks will be this profitable, Don't miss out of this opportunity."
2024-12-06 18:47:42+00:00,"Even the worst of the stocks I‚Äôve posted so far - it will make the right move ü§∑‚Äç‚ôÇÔ∏è 

PATIENCE"
2024-12-06 18:47:38+00:00,"@ChloesPlanet Couple of months ago I came across a tweet about @pamelambrandon how she helped investors to earn well in the market and I decided to give a trial with the little I have. I never knew investing in Crypto and stocks will be this profitable, Don't miss out of this opportunity."
2024-12-06 18:47:38+00:00,"@kineythor Thanks for your comments,Make sure you join  Iced Telegram. So you dont miss investment and trading ideas on # Bitcoin # Crypto and the # Stock market.and get to learn more of my trading strategies and successful tips 
üëáüëáüëá
https://t.co/zqH1YelTnE"
2024-12-06 18:47:37+00:00,"@e_michael1 @mehdirhasan Very well said.  The words of the actual President who was *there*, negotiating hard, investing all he had to bring about an agreement‚Ä¶and this incredibly blind ‚Äúpundit‚Äù calls them a joke.  Un-fricking-believable."
2024-12-06 18:47:35+00:00,"@awstar11 Couple of months ago I came across a tweet about @pamelambrandon how she helped investors to earn well in the market and I decided to give a trial with the little I have. I never knew investing in Crypto and stocks will be this profitable, Don't miss out of this opportunity."
2024-12-06 18:47:34+00:00,"With copper prices surging, Bolt Metals Corp. could hit the jackpot with Switchback's 17% Cu surface assays! üåü Big moves ahead! #CopperIsKing #Investing $PCRCF $TSX #fishtanklive  #MelOnRespectSUGA $TSLA $GME https://t.co/JtMo4cdLKY"
2024-12-06 18:47:34+00:00,"Federal Reserve 
FOMC 
CNBC Hosts 
CNBC Guest Commentators 
WEF 
DAVOS 
World Bank 
IMF 
ECB 
Jerome Powell 
Janet Yellen 
Gold Standard 
Bond Vigilantes
Britton Woods 
Stock Market 
Bond Market 
Social Security 
US Treasury 
Financial Crisis After Cris After Crises 
Boom-Bust https://t.co/b5ADB5NY28"
2024-12-06 18:47:31+00:00,"@ShardiB2 Follow this guy  @saidalavi25  His unique ana thatlysis and insights gave me a new perspective.

I tried to follow him...bought two stocks and made $50,000 in a week.

Thank him very much."
2024-12-06 18:47:30+00:00,"@DebDehaven @Tesla Hello greetings from Elon musk management team. 
Are you interested in investing in crypto currency or getting Tesla robots, click on the link below to contact Elon musk CEO of Tesla privately on this official telegram accountüëá
https://t.co/X61yXnWv6y"
2024-12-06 18:47:29+00:00,"@rafaelgloves Honestly I really want to appreciate @Julea_Trades who has brought so much light into my life in a small period of time. I started with investing with a minimum of $5,000 &amp; now I‚Äôve earned up to $50,000 on a monthly basic I can‚Äôt thank you enough @Julea_Trades"
2024-12-06 18:47:28+00:00,"4.42% annually!

That's the annual return difference between stocks in the Russell 1000 with positive quarterly free cash flow and those without.

The chart below (red line) longs all stocks with FCF above 0 and short stocks with FCF below 0.

Also, note that the difference is‚Ä¶ https://t.co/Of11NwH5xz https://t.co/ehavx0yrfR"
2024-12-06 18:47:28+00:00,I‚Äôve lost the count of number of people and even some brokerage houses shilling banking stocks today after RBI slashed CRR rates.
2024-12-06 18:47:27+00:00,"@PolitiBunny Couple of months ago I came across a tweet about @pamelambrandon how she helped investors to earn well in the market and I decided to give a trial with the little I have. I never knew investing in Crypto and stocks will be this profitable, Don't miss out of this opportunity."
2024-12-06 18:47:26+00:00,"RT @SUPRA_Labs: Demonopol is on a mission to make real estate investing better with

‚úÖ Decentralization and accessibility
‚úÖ Entry points as‚Ä¶"
2024-12-06 18:47:26+00:00,"@rovercrc Great observation! The peaks indicate cycles of speculation, but the downward trend suggests a need for innovation. üìâ Let‚Äôs look for projects with solid fundamentals‚Äîafter all, it's not about chasing trends; it's about building wealth! üöÄüí∞ #Crypto #Investing"
2024-12-06 18:47:26+00:00,"@martypartymusic Congress if you decide to be in Congress, you forfeit the opportunity to play the stock market because of your position"
2024-12-06 18:47:25+00:00,"Did you know kids form money habits by age 7? üí∞ Teach them about the magic of compound interest w/ The Billionaire Jellybean! A fun, educational story that makes growing money exciting. #CompoundInterest #investing #personalfinance

FREE BOOK: https://t.co/VrzTi5Q05l o- https://t.co/2CKh9IyCCZ"
2024-12-06 18:47:25+00:00,@elonmusk @Supermicro_SMCI real ? Why stock is going up ? What about DOJ ? All to fool retail so they can exit with fear ? Is it legal @SECGov ? What about @HindenburgRes claim and they did made money but retail lost. market still claims it's fair ? Fine is not punishment.
2024-12-06 18:47:25+00:00,"@MrDiamondhandz1 Honestly I really want to appreciate @Julea_Trades who has brought so much light into my life in a small period of time. I started with investing with a minimum of $5,000 &amp; now I‚Äôve earned up to $50,000 on a monthly basic I can‚Äôt thank you enough @Julea_Trades"
2024-12-06 18:47:24+00:00,"RT @FMAA_USA: #FlagFact: As the temperatures drop, remember to keep your American flag in top condition. To prevent wear and tear during wi‚Ä¶"
2024-12-06 18:47:24+00:00,"RT @OgoldApp: ü§ì Find out more about buying, checking prices, and selling your gold and silver on our platform!

üßµ See the answers to the th‚Ä¶"
2024-12-06 18:47:23+00:00,"@atensnut Couple of months ago I came across a tweet about @pamelambrandon how she helped investors to earn well in the market and I decided to give a trial with the little I have. I never knew investing in Crypto and stocks will be this profitable, Don't miss out of this opportunity."
2024-12-06 18:47:22+00:00,"@Sadie_NC Granted, Pelosi started politics with 6 million in 1987. For some reason, she has had unbelievable luck in the stock market, always one step ahead knowing when to sell and always the first to buy as if she was precognitive."
2024-12-06 18:47:21+00:00,@BobEUnlimited @dampedspring Bob are you long stocks here?
2024-12-06 18:47:21+00:00,@RetirementRight Stock Market is always a con game. Not kidding you.
2024-12-06 18:47:20+00:00,"Dow Pulls Back Into The Red But Nasdaq, S&amp;P 500 Remain Positive  RTT https://t.co/MXgAnIee5U After moving to the upside early in the session, the major U.S. stocks indexes have turned mixed over the course of the trading day on Friday. While the Nasdaq and the S&amp;P 500 remain in‚Ä¶"
